Track,Artist,ID
Stellar Stellar,Hoshimachi Suisei,6OC9BOO9qGXQARZGWb8rqy
ビビデバ,Hoshimachi Suisei,0Gp8MWnUzS5V2lvTr25c2A
モエチャッカファイア,issey,43CMcyGeImlZjy1oN0NVNG
惑星,a子,2xifiMVguiMdv7b42sWFCN
ドラマツルギー,Eve,44i0yotEYW72i9QbpWcn6y
残響散歌,Aimer,2cErTn7DU75ZILisPP34TB
ヒトリシズカ,幽閉サテライト,40bAuNXggHwDpaIXHUbNYY
泡沫、哀のまほろば,"幽閉サテライト, senya",1G0uamMmpia4jXsRm9l5z0
Queens,ぶいすぽっ!,6hoqHGUm3fASaLli9nQVyr
QUEEN,Kanaria,4KXEPamxxfzDLG7Qv1eS4j
アスノヨゾラ哨戒班,Orangestar,75tQZI2X1VwNOPtOrOrdpl
月に叢雲華に風,"幽閉サテライト, senya",40dOv7XsKEENP2zOM6byfU
Starry Jet,Hoshimachi Suisei,46cCvZ1chJoxjgO7XQE7EG
阿修羅ちゃん,Ado,4lEk6fyJu7LLPenqL0Raj5
Grievous Lady,"Team Grimoire, Laur",0rzOykYyXP9Z9VFCh67TNn
第六感,Reol,22sQUmLhT8umlEhQzDrzfJ
only my railgun,fripSide,47cyfoSCTPqhm6jfrtLL0o
ソワレ,Hoshimachi Suisei,6eBiZCdAjVkcuW4h3F94iV
UNDEAD,YOASOBI,5NxmDq0yXBYGfCbMqvIXuv
かくれんぼ,AliA,5wo2JjhTXS5fWV5myzuv1O
あられやこんこん,issey,4Rz9gJuWidmKPw0Iqpfqv2
レクイエム (feat. 星街すいせい),"Kanaria, Hoshimachi Suisei",0MEFe9pCWd4BP8tw5sfh3K
三千世界,"幽閉サテライト, senya",5PAH0MbNX5n44gCOcbcux9
華鳥風月(with senya) <幻想万華鏡 花の異変の章 OP主題歌>,幽閉サテライト,5yaPdoKRnoxqoMrvDrIiMm
色は匂へど散りぬるを(full ver.),幽閉サテライト,6ftHLS43EDPb3HvNfNuxHY
Gotcha!!,ぶいすぽっ!,1balgyxiaaS9vVjTDnuC9Y
とんずらいおっと,ぶいすぽっ!,6ymrb2ykqPADvUAoIIxb1r
Alfheim's Faith,影虎。,4jK9VGuMtdHRCFEEkhr6hn
Gamble Rumble,m.o.v.e,5r0ZmGWdDPkY4gqAr0t9kf
Snooze,wotaku,1Ht0sIJf1IYEiBW9XDLKnF
Plazma,Kenshi Yonezu,1KLg01cjnRsENoFhJWUTSd
春を告げる,yama,2Gmyw5Vg2X5YW2lM3OC7nD
Overdose,natori,7b4fxkOA4NDr4tDylrb10K
SUGAR,NOMELON NOLEMON,1zia2ej6D7KYjKBpaSTo8u
Real Gone,Sheryl Crow,40oaXWRJALmKVIryVTSgyI
孤独月,"幽閉サテライト, senya",2pWvUXomNGTec5u6MLWBso
灰桜,"幽閉サテライト, senya",5rjwmW72xriQdhGlBuKOfM
Viyella's Memory,Laur,6Ze5YYIDZNJH4ekn14ljy5
テレパシ,DECO*27,76kJA3LUe1uREGjlaOypkL
WHITE NIGHT,"Jake Miller, HOYO-MiX",0Tx2ndamrK4xU9D9DscSm2
翼の生えた希望,"ロビン, HOYO-MiX, Chevy",3qunIyd5S2uHBBOTY1lPN9
恋は渾沌の隷也,Ushirokarahaiyoritai G,2g1k9DguVUrZSPIVzcphlQ
The Everlasting Guilty Crown,EGOIST,5UNdjFCgpr2czfhKrT1Tmw
駆けろ,Hoshimachi Suisei,57aMnr5dXnGcmBoWU5vXuN
KiLLER LADY,Hachioji P,45G8e1XJosZG2dQsbRNiOh
快晴 (feat. IA),"Orangestar, IA",5F8rIZkDib9p8kkKXmmIhw
名前のない怪物,EGOIST,7ebceNRVeFRFpd4qLENYpO
LaVI-Bavellabion (feat. GUMI),"SLAVE.V-V-R, メグッポイド",1SHKESkYoiMyHfPTrQ2yJ0
III (Sena x Justen Cover),"Sena Kiryuin, Justen Kuwabatake",48LQTzDvGCZnDhqVsJudZ9
Grip & Break down !! (feat. Nana Takahashi),"SOUND HOLIC, Nana Takahashi",0LuMbv80m068b7Txbt73ey
モニタリング,DECO*27,1iywVk6Xx1XmJwd0rExYI3
もうどうなってもいいや,Hoshimachi Suisei,17oTdCFRG5Vp4381jehV3U
Preserved Roses,"T.M.Revolution, Nana Mizuki",2bEegwrILtiYqmtb9eibDJ
Poker Face,あみゅり,2JZ8odAC7pCQenQZIakrdF
スピード - Speed,yutori,2D3jMiMkKMmvchLMLXLG4T
AWAKE,Hoshimachi Suisei,1jb8JI9CDoSrvkBZZNR7Sj
秒針を噛む,ZUTOMAYO,2DwHI6gIvTHXNGmqDWGriw
IRIS OUT,Kenshi Yonezu,59hVbgr8rfYkDbHfr8RcGI
革命道中 - On The Way,AiNA THE END,1oFqKeepmT5S8BCGqJl7Ar
Bad Apple!!,Alstroemeria Records,2Yv0FavwiRO1mzaIThDAiM
超ナイト・オブ・ナイツ,COOL&CREATE,05ItBlHrAxpTHVyTUp5JaL
CAT'S EYE,Anri,7FGbwJMZxCbW6U8aGNBgOm
No title,Reol,5pZVsZ8TOGly1KnYFmZ61B
EX Girl Friend,あみゅり,1r5RItKM96Z3RFYkK8Uo2X
LEMON MELON COOKIE,"TAK, Hatsune Miku",65gE7v1HqOfudsfdh2SuD8
PaIII.SENSATION,Yunosuke,2mDyeQaFwOEiqkENaEt1dy
JANE DOE,"Kenshi Yonezu, Hikaru Utada",4oE7MyJhqSD3BaHRpNs8Nl
ホワイトハッピー,Maretu,0bU7JXpHqjvlMEoxNlu7YX
海色,AKINO from bless4,00pEXGlxPsGuLm4NqcVJzt
orion,Kenshi Yonezu,1bIZxrSkbxatnTo8ObcIxX
Memento,nonoc,5OJ0kXGbl2ZMmjbVZVhmrI
深淵,"ヰ世界情緒, 花譜, V.W.P",3gUB2bwB7bdstJlQ9MHvC1
一度だけの恋なら,ワルキューレ,34CksmDdpIijQB2WUZiRLd
ヒビカセ,Reol,0H1iMm1pO61srixV0rGYRe
アンビバレント,Uru,5uYnVpwOGOaiXTJmhNd62P
ライオン,"May'n, 中島愛",35HhTsMus2B7hA7rfbrp84
Burning Heart,"魔王魂, 森田交一",3POHHYwPFqGCOT7js0KQcK
夜に駆ける,YOASOBI,3dPtXHP0oXQ4HCWHsOA9js
promise,Kohmi Hirose,39rZVvBPsAc4h0BfPLUqOj
